"name","option","category","confidence","estimate"
"Derek Maclellan","option_1","category_1",61,0.12
"Derek Maclellan","option_1","category_2",61,0.5
"Derek Maclellan","option_1","category_3",61,0.16
"Derek Maclellan","option_1","category_4",61,0.02
"Derek Maclellan","option_1","category_5",61,0.2
"Derek Maclellan","option_2","category_1",91,0.02
"Derek Maclellan","option_2","category_2",91,0.76
"Derek Maclellan","option_2","category_3",91,0.15
"Derek Maclellan","option_2","category_4",91,0.06
"Derek Maclellan","option_2","category_5",91,0.01
"Derek Maclellan","option_3","category_1",91,0.59
"Derek Maclellan","option_3","category_2",91,0.01
"Derek Maclellan","option_3","category_3",91,0.01
"Derek Maclellan","option_3","category_4",91,0.28
"Derek Maclellan","option_3","category_5",91,0.11
"Christopher Felix","option_1","category_1",96,0.3
"Christopher Felix","option_1","category_2",96,0.29
"Christopher Felix","option_1","category_3",96,0.02
"Christopher Felix","option_1","category_4",96,0.27
"Christopher Felix","option_1","category_5",96,0.12
"Christopher Felix","option_2","category_1",61,0.01
"Christopher Felix","option_2","category_2",61,0.06
"Christopher Felix","option_2","category_3",61,0.16
"Christopher Felix","option_2","category_4",61,0.44
"Christopher Felix","option_2","category_5",61,0.33
"Christopher Felix","option_3","category_1",51,0.24
"Christopher Felix","option_3","category_2",51,0.07
"Christopher Felix","option_3","category_3",51,0.02
"Christopher Felix","option_3","category_4",51,0.61
"Christopher Felix","option_3","category_5",51,0.06
"Mar'Quasa Banks","option_1","category_1",61,0.13
"Mar'Quasa Banks","option_1","category_2",61,0.33
"Mar'Quasa Banks","option_1","category_3",61,0.06
"Mar'Quasa Banks","option_1","category_4",61,0.26
"Mar'Quasa Banks","option_1","category_5",61,0.22
"Mar'Quasa Banks","option_2","category_1",66,0.04
"Mar'Quasa Banks","option_2","category_2",66,0.08
"Mar'Quasa Banks","option_2","category_3",66,0.15
"Mar'Quasa Banks","option_2","category_4",66,0.45
"Mar'Quasa Banks","option_2","category_5",66,0.28
"Mar'Quasa Banks","option_3","category_1",76,0.02
"Mar'Quasa Banks","option_3","category_2",76,0.32
"Mar'Quasa Banks","option_3","category_3",76,0.3
"Mar'Quasa Banks","option_3","category_4",76,0.08
"Mar'Quasa Banks","option_3","category_5",76,0.28
"Mastoora al-Abdalla","option_1","category_1",76,0
"Mastoora al-Abdalla","option_1","category_2",76,0.2
"Mastoora al-Abdalla","option_1","category_3",76,0.72
"Mastoora al-Abdalla","option_1","category_4",76,0.05
"Mastoora al-Abdalla","option_1","category_5",76,0.03
"Mastoora al-Abdalla","option_2","category_1",76,0.08
"Mastoora al-Abdalla","option_2","category_2",76,0.26
"Mastoora al-Abdalla","option_2","category_3",76,0.21
"Mastoora al-Abdalla","option_2","category_4",76,0.06
"Mastoora al-Abdalla","option_2","category_5",76,0.39
"Mastoora al-Abdalla","option_3","category_1",91,0.18
"Mastoora al-Abdalla","option_3","category_2",91,0.09
"Mastoora al-Abdalla","option_3","category_3",91,0.14
"Mastoora al-Abdalla","option_3","category_4",91,0.26
"Mastoora al-Abdalla","option_3","category_5",91,0.33
"Eriberto Munguia","option_1","category_1",51,0.48
"Eriberto Munguia","option_1","category_2",51,0.07
"Eriberto Munguia","option_1","category_3",51,0.28
"Eriberto Munguia","option_1","category_4",51,0.01
"Eriberto Munguia","option_1","category_5",51,0.16
"Eriberto Munguia","option_2","category_1",86,0.24
"Eriberto Munguia","option_2","category_2",86,0.15
"Eriberto Munguia","option_2","category_3",86,0.32
"Eriberto Munguia","option_2","category_4",86,0.18
"Eriberto Munguia","option_2","category_5",86,0.11
"Eriberto Munguia","option_3","category_1",86,0.42
"Eriberto Munguia","option_3","category_2",86,0.1
"Eriberto Munguia","option_3","category_3",86,0.02
"Eriberto Munguia","option_3","category_4",86,0.02
"Eriberto Munguia","option_3","category_5",86,0.44
"Paul Bol","option_1","category_1",81,0.44
"Paul Bol","option_1","category_2",81,0.23
"Paul Bol","option_1","category_3",81,0.01
"Paul Bol","option_1","category_4",81,0.09
"Paul Bol","option_1","category_5",81,0.23
"Paul Bol","option_2","category_1",66,0.53
"Paul Bol","option_2","category_2",66,0.07
"Paul Bol","option_2","category_3",66,0.09
"Paul Bol","option_2","category_4",66,0.1
"Paul Bol","option_2","category_5",66,0.21
"Paul Bol","option_3","category_1",86,0.39
"Paul Bol","option_3","category_2",86,0.28
"Paul Bol","option_3","category_3",86,0.09
"Paul Bol","option_3","category_4",86,0.15
"Paul Bol","option_3","category_5",86,0.09
